01cb16d9d7d699551849069bfa3137c3b05ce2eefb23f07fe977091f90549521	projects/SP-002-DOC-2-098-R1/MANIFEST.sha256	SP-002-DOC-2-098-R1/MANIFEST.sha256
cf00b7a387b4f9ad4b94cc61055b512b15ac4ee1a8987cafb814ea1d38206d23	projects/SP-002-DOC-2-098-R1/PROJECT_SUMMARY.md	SP-002-DOC-2-098-R1/PROJECT_SUMMARY.md
4b741f8a99080e80386af071539905b952eb445ee829ba4e22d43a42679715fa	projects/SP-002-DOC-2-098-R1/README.md	SP-002-DOC-2-098-R1/README.md
53549b0ac8912751890bcdda19a83fe3753cc8cbdb9997fb35a3a5bb30cace9c	projects/SP-002-DOC-2-098-R1/code/build_audit_configs.py	SP-002-DOC-2-098-R1/code/build_audit_configs.py
e216b7ea72effc0ce5c3f58468a9e2851d8756a465c73d4a287f7127b6e9a329	projects/SP-002-DOC-2-098-R1/code/controls_and_repro.py	SP-002-DOC-2-098-R1/code/controls_and_repro.py
7f6f92442fa87ae4f57817892a5ab69ce62095d0fb79b0029fd4416fcf083c84	projects/SP-002-DOC-2-098-R1/code/evaluate_round1.py	SP-002-DOC-2-098-R1/code/evaluate_round1.py
f4b43e0e6937d101ca8c102a9125839204c285f1cc489ae580d0ecae7d1c0f78	projects/SP-002-DOC-2-098-R1/code/export_breast.R	SP-002-DOC-2-098-R1/code/export_breast.R
41cd92f6497464ea7c33193377417734461d0e3ebd195f7cf5da3f1a15d72d6a	projects/SP-002-DOC-2-098-R1/code/extract_domains.py	SP-002-DOC-2-098-R1/code/extract_domains.py
8edbf18e5befe5ea635ff244632b5ce9006408dee16da1f4d444aded1b9ed6b1	projects/SP-002-DOC-2-098-R1/code/final_gate.py	SP-002-DOC-2-098-R1/code/final_gate.py
d04d26201beae291454274b1d26dab956bb0b1689e00023dd984b83ea9272bcc	projects/SP-002-DOC-2-098-R1/code/make_round1_deliverable.py	SP-002-DOC-2-098-R1/code/make_round1_deliverable.py
c26c22809a728ca236fb350f0134bb7d6ecdaeb659e6e45c843b2c3977683dfa	projects/SP-002-DOC-2-098-R1/code/run_primary.py	SP-002-DOC-2-098-R1/code/run_primary.py
2a447349ffb743b71adc9692520a9470f48ef27102676e535599c4d6539d7cac	projects/SP-002-DOC-2-098-R1/figures/fig1_primary_optimism.png	SP-002-DOC-2-098-R1/figures/fig1_primary_optimism.png
6ba1c1970c63e56fec90b3c48dc9bab8ccebf8b165992361fb9b81d26a3c5a29	projects/SP-002-DOC-2-098-R1/figures/fig1_primary_optimism.svg	SP-002-DOC-2-098-R1/figures/fig1_primary_optimism.svg
aa931a96453e624a6dc6f1025abfdc1a9b1d8cee2b28f8b1b4ef627510451303	projects/SP-002-DOC-2-098-R1/figures/fig2_audit_association.png	SP-002-DOC-2-098-R1/figures/fig2_audit_association.png
392c5e84466af8e2b84249efebfde84120ceaf8e0d262e2fc4077c3b7ee4bd46	projects/SP-002-DOC-2-098-R1/figures/fig2_audit_association.svg	SP-002-DOC-2-098-R1/figures/fig2_audit_association.svg
8d44b38935e0a22fa12100613ccf260e7e01d98b840fd2d2bd9060224a0af5b7	projects/SP-002-DOC-2-098-R1/figures/fig3_ablation.png	SP-002-DOC-2-098-R1/figures/fig3_ablation.png
46aec735aa05f6d55f0022d88ddd4bc11a2cf6f1a03c675c799b80d944aef432	projects/SP-002-DOC-2-098-R1/figures/fig3_ablation.svg	SP-002-DOC-2-098-R1/figures/fig3_ablation.svg
ece7aa970e78b7bd44b944b17cf227e1538125fd88b2d0a4c8ad6d5e5fe5e572	projects/SP-002-DOC-2-098-R1/figures/fig4_diagnostic_heatmap.png	SP-002-DOC-2-098-R1/figures/fig4_diagnostic_heatmap.png
46595ef6e66dabd507ea26c6bf3a59ecc45320d0d931493bf15f7f8c2f1c4705	projects/SP-002-DOC-2-098-R1/figures/fig4_diagnostic_heatmap.svg	SP-002-DOC-2-098-R1/figures/fig4_diagnostic_heatmap.svg
406333d01e7cdbebb6ec11da0080db2e8949368d78fde09ff555f89aabe54d57	projects/SP-002-DOC-2-098-R1/figures/fig5_gate_adjudication.png	SP-002-DOC-2-098-R1/figures/fig5_gate_adjudication.png
f35c2049c273e0809b71045e10a894791aa3f80e497b55d1ea3c281c97c5dd53	projects/SP-002-DOC-2-098-R1/figures/fig5_gate_adjudication.svg	SP-002-DOC-2-098-R1/figures/fig5_gate_adjudication.svg
6e207c996fbd13cb7f2db5881dff63fcbdaa1ff4496450229468ccb6f2736f83	projects/SP-002-DOC-2-098-R1/logs/audit_configs.log	SP-002-DOC-2-098-R1/logs/audit_configs.log
a63185d1888e381a966f2eaccc4a1a65ef1fac3ef2354747082233ff6fc34bc8	projects/SP-002-DOC-2-098-R1/logs/controls_repro.log	SP-002-DOC-2-098-R1/logs/controls_repro.log
87a192baf123ed08641f147674a19f5d7b9cfcc692935f884d0d75b44fd00024	projects/SP-002-DOC-2-098-R1/logs/export_breast.log	SP-002-DOC-2-098-R1/logs/export_breast.log
6ae1a82195cc68d858f3cc63d021c9d00fd2df0d8d4020640efce7a3cba8183c	projects/SP-002-DOC-2-098-R1/logs/extract.log	SP-002-DOC-2-098-R1/logs/extract.log
d94f6f70f0a19722b5da3c66e365a7309f87e46261efa5201592a33a54756243	projects/SP-002-DOC-2-098-R1/logs/gate.log	SP-002-DOC-2-098-R1/logs/gate.log
da57a696827d77de5d0a05338adfc879afbada1728c3edb9c251255ad3787d43	projects/SP-002-DOC-2-098-R1/logs/primary.log	SP-002-DOC-2-098-R1/logs/primary.log
977027ae5f10c28513458667f3787f271819fbe523c922f086aeb79964e0bbb2	projects/SP-002-DOC-2-098-R1/protocol/protocol-draft.md	SP-002-DOC-2-098-R1/protocol/protocol-draft.md
dcb430c4306ef81b6cc7fdc96b1a2763b960e915c84e4cba11d951f7ab6ae849	projects/SP-002-DOC-2-098-R1/protocol/protocol-locked.json	SP-002-DOC-2-098-R1/protocol/protocol-locked.json
a6be9d8489ae14b33375663d852718b54c1782c4bf048b17bb7f46a5909ee338	projects/SP-002-DOC-2-098-R1/protocol/protocol-locked.sha256	SP-002-DOC-2-098-R1/protocol/protocol-locked.sha256
089e689ed265fcaf241176be8baf1ca3dd30e4695b5c216fbb6c2bc82ddd6f46	projects/SP-002-DOC-2-098-R1/provenance/SHA256SUMS	SP-002-DOC-2-098-R1/provenance/SHA256SUMS
05d22cd75c10de6c6abf1e8cd69b83a77fb0713088fb392170a483d8e52adfde	projects/SP-002-DOC-2-098-R1/provenance/domain_manifest.json	SP-002-DOC-2-098-R1/provenance/domain_manifest.json
9b109785ce34cea0d448515a36ce77b2d921f7edf354b58c0c2b9aeecd41c4d9	projects/SP-002-DOC-2-098-R1/provenance/environment.txt	SP-002-DOC-2-098-R1/provenance/environment.txt
f4c6b2f60660a4a90791bb2fb8241f82aa24f5fb74d1c5bd66c2959be291e25e	projects/SP-002-DOC-2-098-R1/provenance/notes.md	SP-002-DOC-2-098-R1/provenance/notes.md
decb6f9409f973701bb924c9edcbde9334d9c5182e600f35297ff3a1626fe5a3	projects/SP-002-DOC-2-098-R1/provenance/plan.md	SP-002-DOC-2-098-R1/provenance/plan.md
2171fe1bb35e192879dce6960e6c92c68b6843230aba1df9753d6d28e72b195a	projects/SP-002-DOC-2-098-R1/provenance/sources.md	SP-002-DOC-2-098-R1/provenance/sources.md
19b866ca1372d49849cfcb62ca200924eeab11a0b573a2b0368c546f3c0ed4da	projects/SP-002-DOC-2-098-R1/report/SP-002-R1-negative-result-report.html	SP-002-DOC-2-098-R1/report/SP-002-R1-negative-result-report.html
4ac18e81daf9ee335849c05d84c1f6d06a4e89ab170fbb98d892ad4357336bda	projects/SP-002-DOC-2-098-R1/report/SP-002-R1-negative-result-report.pdf	SP-002-DOC-2-098-R1/report/SP-002-R1-negative-result-report.pdf
c2cd52af44e5641d9f355ef541a52dffa3a0ea3fbc638d824bc0612dbd92c25a	projects/SP-002-DOC-2-098-R1/results/audit_configurations.csv	SP-002-DOC-2-098-R1/results/audit_configurations.csv
d24e1051b84414a2cf9c1535e3c4709a4306ed28d87d0759304584401db4b40f	projects/SP-002-DOC-2-098-R1/results/locked_gate_results.json	SP-002-DOC-2-098-R1/results/locked_gate_results.json
6c67c8b9378e4d6554ca43b241a53a90c950f3e702aaa8b6763c5eb8c78ab45f	projects/SP-002-DOC-2-098-R1/results/negative_controls.json	SP-002-DOC-2-098-R1/results/negative_controls.json
2a2bbd12510674f30da8bd29e83b0431e789f90b4502891923f0bd2d2cae2130	projects/SP-002-DOC-2-098-R1/results/optimism_by_config.csv	SP-002-DOC-2-098-R1/results/optimism_by_config.csv
985b43085509a0ed34afd6252cf8658ff45440d24de53ffefaafc5576bcc68b4	projects/SP-002-DOC-2-098-R1/results/primary_results.csv	SP-002-DOC-2-098-R1/results/primary_results.csv
d43213c3d454c3ec2f4a808c5b24ee91190d126a812912b4b086eb60c471ecf1	projects/SP-002-DOC-2-098-R1/results/primary_summary.csv	SP-002-DOC-2-098-R1/results/primary_summary.csv
b369c42c617c4832cd5dee6621e151887d197d506fef8939ee38dfb42bdbc26d	projects/SP-002-DOC-2-098-R1/results/protocol_compliance_adjudication.csv	SP-002-DOC-2-098-R1/results/protocol_compliance_adjudication.csv
7d68c760da0e093396d1fe25e2b6975661ec73d2b5d92ace28c9d3f9957d1439	projects/SP-002-DOC-2-098-R1/results/protocol_compliance_adjudication.json	SP-002-DOC-2-098-R1/results/protocol_compliance_adjudication.json
080549c2a68f158279c20b3dddba61061c879aea5654aae6d17693e450463e3e	projects/SP-002-DOC-2-098-R1/results/reproducibility.json	SP-002-DOC-2-098-R1/results/reproducibility.json
fc8ed37fc7547c42fe027bdb4916a6bffed37c412f5edd9fb97f153c126666df	projects/SP-002-DOC-2-098-R1/results/round1_interim_gate.json	SP-002-DOC-2-098-R1/results/round1_interim_gate.json
4b7ec29cda3ea26507695c53ef8aae46b3a7b7b019db6e11fbcff10c48a622e4	projects/SP-002-DOC-2-098/R2/PROJECT_SUMMARY.md	SP-002-DOC-2-098/R2/PROJECT_SUMMARY.md
ae0776746f72436b18862a580ffe8238d6319657f4736f8dbf16b7e6fdd7fbcb	projects/SP-002-DOC-2-098/R2/code/acquire.sh	SP-002-DOC-2-098/R2/code/acquire.sh
a66a233fafba8d1c312cdd4ff5eee70926d27bbc78e9142d633022b4236e90b1	projects/SP-002-DOC-2-098/R2/configs/CONFIG_STATUS.md	SP-002-DOC-2-098/R2/configs/CONFIG_STATUS.md
1e4fd59df50e558be7ed7dbae866a2313cd083aa60d932a370adf5b3ad11185f	projects/SP-002-DOC-2-098/R2/docs/LOCKED_PROTOCOL.md	SP-002-DOC-2-098/R2/docs/LOCKED_PROTOCOL.md
b1f4125cccc4ae0bab91c621f7c0bc3ebdfe99f992f8fe6cb1178e080b76935e	projects/SP-002-DOC-2-098/R2/docs/RESEARCH_PAPER.md	SP-002-DOC-2-098/R2/docs/RESEARCH_PAPER.md
c4072f1c2e5ebf759c5b89c56219c4632e7cc48d539bdd0a8d02375a4b18a34e	projects/SP-002-DOC-2-098/R2/docs/TECHNICAL_REPORT.md	SP-002-DOC-2-098/R2/docs/TECHNICAL_REPORT.md
5a57bf164174a62ef98df5e0ed4a5eb2354a9b518a2d56183f39f03044275036	projects/SP-002-DOC-2-098/R2/dossier_tool/dossier.py	SP-002-DOC-2-098/R2/dossier_tool/dossier.py
1347ae12e8f448f0eeae798c9acec07faf901b9a6a779c636bfc4b483e42f6e4	projects/SP-002-DOC-2-098/R2/dossier_tool/tests/test_dossier.py	SP-002-DOC-2-098/R2/dossier_tool/tests/test_dossier.py
e1ff6e2023e1cb464fe26b0b1df2d10c24b6bf1f173ed3fe42f3f65588587483	projects/SP-002-DOC-2-098/R2/environment/requirements-lock.txt	SP-002-DOC-2-098/R2/environment/requirements-lock.txt
1100014129afac6af5eb11e707ba7cafa32b079cce8cfc92aa45d9b31e9b7c67	projects/SP-002-DOC-2-098/R2/figures/source_audit.png	SP-002-DOC-2-098/R2/figures/source_audit.png
b987706f6ce025de587dccc0143bd9e846ef068712076279991853d531ef26ed	projects/SP-002-DOC-2-098/R2/manifests/deliverable_inventory.txt	SP-002-DOC-2-098/R2/manifests/deliverable_inventory.txt
12be32fee4bd7cb3fe1fdfd2dc5025b1222ad69aaa05b9007be439c577e649ae	projects/SP-002-DOC-2-098/R2/manifests/deliverable_sha256.txt	SP-002-DOC-2-098/R2/manifests/deliverable_sha256.txt
c1a60214813889d9e2902296f9df5efab21d55873b70484b1a791724cea46b1a	projects/SP-002-DOC-2-098/R2/manifests/licenses_and_sources.md	SP-002-DOC-2-098/R2/manifests/licenses_and_sources.md
6f40ba63511e5064c124a5826263295128066af9ae5b37e5c7909cc8402b32ef	projects/SP-002-DOC-2-098/R2/manifests/source_manifest.json	SP-002-DOC-2-098/R2/manifests/source_manifest.json
4f9bbfa691fe51c6cccaa13f3f093085bbb902a6999f2246547b585ec3e456a7	projects/SP-002-DOC-2-098/R2/manifests/source_sha256.txt	SP-002-DOC-2-098/R2/manifests/source_sha256.txt
9a3a2f2f0de80375701874dff755be961566dc40d8e38378c227908bdfa8f83a	projects/SP-002-DOC-2-098/R2/notes.md	SP-002-DOC-2-098/R2/notes.md
98a77a94046dc9264a5f5ecfd909f676ab82c01107254b7d64c91df771f5901b	projects/SP-002-DOC-2-098/R2/plan.md	SP-002-DOC-2-098/R2/plan.md
32e9b8b307be8fd11b1cab702f6f263a97c9a52bbeab0418780b09841856ec38	projects/SP-002-DOC-2-098/R2/results/GATE_EVALUATION.md	SP-002-DOC-2-098/R2/results/GATE_EVALUATION.md
9310d484212a1fe2c33b4b8accdf50a2639f09ba039354f8448f8aa8d173e1ff	projects/SP-002-DOC-2-098/R2/results/dossier_tests.txt	SP-002-DOC-2-098/R2/results/dossier_tests.txt
c1a60214813889d9e2902296f9df5efab21d55873b70484b1a791724cea46b1a	projects/SP-002-DOC-2-098/R2/sources.md	SP-002-DOC-2-098/R2/sources.md
