domain,config,model,optimism,dependence,feature_shift,missingness,prevalence,calibration,subgroup,audit_score
breast,study_16446_GPL570_all,logistic,0.23297940797940808,0.0,0.20768294186272385,1.0,0.2982456140350878,0.631499649127931,0.05964912280701756,0.3661795546387934
breast,study_20194_GPL96_all,logistic,-0.02542117202311356,0.0,0.3005614963327262,1.0,0.05363984674329497,0.140532009507428,0.010727969348658994,0.25091022032201804
breast,study_22226_GPL1708_all,logistic,0.15301046388002915,0.0,0.9409617834793704,1.0,0.2903225806451612,0.4904559463299784,0.05806451612903224,0.46330080443059035
breast,study_22358_GPL5325_all,logistic,-0.02073207661442955,0.0,0.5702628290614052,1.0,0.18032786885245913,0.1600654791384353,0.03606557377049183,0.32445362513713194
breast,study_32646_GPL570_all,logistic,0.2529973114242778,0.0,1.0,1.0,0.1304347826086956,0.2121635230485042,0.02608695652173912,0.3947808770298232
parkinsons,rigorous_group_r0,ridge,0.2019144575614438,1.0,0.2019144575614438,0.0,0.0,0.15048996678041962,0.2019144575614438,0.25905314698388454
parkinsons,rigorous_group_r0,random_forest,2.005202360098843,1.0,1.0,0.0,0.0,0.30569732016322393,1.0,0.5509495533605373
parkinsons,rigorous_group_r1,ridge,0.26780942738389024,1.0,0.26780942738389024,0.0,0.0,0.2481241887748994,0.26780942738389024,0.2972905072571133
parkinsons,rigorous_group_r1,random_forest,0.7256262896152972,1.0,0.7256262896152972,0.0,0.0,0.2063048646583985,0.7256262896152972,0.4429262406481655
parkinsons,rigorous_group_r2,ridge,0.3694470279880233,1.0,0.3694470279880233,0.0,0.0,0.2624270734071024,0.3694470279880233,0.33355352156385815
parkinsons,rigorous_group_r2,random_forest,1.1642909593343995,1.0,1.0,0.0,0.0,0.2908291739489188,1.0,0.5484715289914864
parkinsons,rigorous_group_r3,ridge,0.04931256840577081,1.0,0.04931256840577081,0.0,0.0,0.26561305352863185,0.04931256840577081,0.2273730317233623
parkinsons,rigorous_group_r3,random_forest,0.8508296097225946,1.0,0.8508296097225946,0.0,0.0,0.30579890833437967,0.8508296097225946,0.5012430212965948
parkinsons,rigorous_group_r4,ridge,0.7163635676651265,1.0,0.7163635676651265,0.0,0.0,0.25970187167053327,0.7163635676651265,0.4487381678334644
parkinsons,rigorous_group_r4,random_forest,1.5240783102895519,1.0,1.0,0.0,0.0,0.28386917341268336,1.0,0.5473115289021139
parkinsons,rigorous_group_r5,ridge,0.2481273111849755,1.0,0.2481273111849755,0.0,0.0,0.2259871374106529,0.2481273111849755,0.28704029329676733
parkinsons,rigorous_group_r5,random_forest,0.9108617405083697,1.0,0.9108617405083697,0.0,0.0,0.2272319921084066,0.9108617405083697,0.5081592455208576
diabetes,rigorous_group_r0,logistic,0.0020031812709904173,0.5909424921735804,0.010015906354952087,0.14129794286926647,0.24074502816839966,0.9017534021615092,0.010015906354952087,0.31579511301377666
diabetes,rigorous_group_r1,logistic,0.014090600365682437,0.5909424921735804,0.07045300182841219,0.14129794286926647,0.24074502816839966,0.9086413237365653,0.07045300182841219,0.337088798434106
diabetes,rigorous_group_r2,logistic,0.0002532800317196493,0.5909424921735804,0.0012664001585982465,0.14129794286926647,0.24074502816839966,0.9078287414189504,0.0012664001585982465,0.31389116749123225
