domain,config,model,split,metric,n_train,n_test,ap,brier,seconds,rmse
diabetes,naive_r0,logistic,naive,0.6474609777026664,74507,24836,0.2018162842587306,0.22546619145004076,5.185094118118286,
diabetes,naive_r1,logistic,naive,0.6453043002497212,74507,24836,0.20625326060250027,0.22672178721399558,6.341092109680176,
diabetes,naive_r2,logistic,naive,0.6508010730799478,74507,24836,0.20627118014508644,0.22534679894041162,6.4183189868927,
diabetes,rigorous_group_r0,logistic,rigorous_group,0.6458522690731213,74492,24851,0.21570796720648183,0.22543835054037734,5.8430047035217285,
diabetes,rigorous_group_r1,logistic,rigorous_group,0.6337648499784293,74513,24830,0.19966150694945525,0.22716033093414137,6.256972551345825,
diabetes,rigorous_group_r2,logistic,rigorous_group,0.6476021703123921,74446,24897,0.20644140934428523,0.22695718535473766,5.3361358642578125,
parkinsons,naive_r0,ridge,naive,0.08062361754001512,4406,1469,,,0.038565635681152344,9.827278770571533
parkinsons,naive_r0,random_forest,naive,0.7225327561316799,4406,1469,,,3.4527246952056885,2.9658668715201806
parkinsons,naive_r1,ridge,naive,0.10120463248533618,4406,1469,,,0.006481170654296875,9.687903819838118
parkinsons,naive_r1,random_forest,naive,0.7364383543072242,4406,1469,,,4.083914756774902,2.8408689745813653
parkinsons,naive_r2,ridge,naive,0.08681710080061555,4406,1469,,,0.007189035415649414,9.541644784588726
parkinsons,naive_r2,random_forest,naive,0.7610497638380928,4406,1469,,,3.4434731006622314,2.4967378130377096
parkinsons,naive_r3,ridge,naive,0.0910156240592025,4406,1469,,,0.006590604782104492,9.527735678519852
parkinsons,naive_r3,random_forest,naive,0.7605751933728064,4406,1469,,,3.5830743312835693,2.509587989412485
parkinsons,naive_r4,ridge,naive,0.08954179338538337,4406,1469,,,0.0075762271881103516,9.60319119250235
parkinsons,naive_r4,random_forest,naive,0.7503766175803271,4406,1469,,,3.4089767932891846,2.6329391619289773
parkinsons,rigorous_group_r0,ridge,rigorous_group,-0.1120739039073333,4907,968,,,0.0065343379974365234,7.524498339020981
parkinsons,rigorous_group_r0,random_forest,rigorous_group,-1.2590078230528166,4907,968,,,4.097785711288452,15.284866008161197
parkinsons,rigorous_group_r1,ridge,rigorous_group,-0.17796887372977976,4886,989,,,0.006761312484741211,12.40620943874497
parkinsons,rigorous_group_r1,random_forest,rigorous_group,0.020568247430728936,4886,989,,,3.7089807987213135,10.315243232919926
parkinsons,rigorous_group_r2,ridge,rigorous_group,-0.27960647433391284,4897,978,,,0.006916999816894531,13.12135367035512
parkinsons,rigorous_group_r2,random_forest,rigorous_group,-0.4180964222883734,4897,978,,,3.7629075050354004,14.541458697445941
parkinsons,rigorous_group_r3,ridge,rigorous_group,0.04052798524833978,4897,978,,,0.00698542594909668,13.280652676431592
parkinsons,rigorous_group_r3,random_forest,rigorous_group,-0.10463507267656857,4897,978,,,4.167597532272339,15.289945416718984
parkinsons,rigorous_group_r4,ridge,rigorous_group,-0.6265230140110161,4886,989,,,0.0068988800048828125,12.985093583526663
parkinsons,rigorous_group_r4,random_forest,rigorous_group,-0.7778837732435258,4886,989,,,3.8283915519714355,14.193458670634168
parkinsons,rigorous_group_r5,ridge,rigorous_group,-0.15828675753086507,4902,973,,,0.007062673568725586,11.299356870532643
parkinsons,rigorous_group_r5,random_forest,rigorous_group,-0.16466720346234354,4902,973,,,3.699056386947632,11.36159960542033
breast,naive_r0,logistic,naive,0.7620886192314763,552,184,0.4280067832242429,0.1817695532492888,,
breast,naive_r1,logistic,naive,0.7295458724030153,552,184,0.353174331872715,0.19876213844281823,,
breast,naive_r2,logistic,naive,0.7460930318073176,552,184,0.44761941762199,0.20084226293508725,,
breast,naive_r3,logistic,naive,0.7519764662621806,552,184,0.44645457129953403,0.19023407386415847,,
breast,naive_r4,logistic,naive,0.7644787644787645,552,184,0.3840408828285435,0.17539115770028077,,
breast,rigorous_study_16446_GPL570_all,logistic,rigorous_group,0.5178571428571428,622,114,0.153515421133755,0.631499649127931,,
breast,rigorous_study_20194_GPL96_all,logistic,rigorous_group,0.7762577228596644,475,261,0.5306922748519,0.14053200950742803,,
breast,rigorous_study_22226_GPL1708_all,logistic,rigorous_group,0.5978260869565217,612,124,0.2979414799236032,0.4904559463299784,,
breast,rigorous_study_22358_GPL5325_all,logistic,rigorous_group,0.7715686274509804,614,122,0.37949513665462475,0.16006547913843533,,
breast,rigorous_study_32646_GPL570_all,logistic,rigorous_group,0.49783923941227315,621,115,0.2804997413311877,0.2121635230485042,,
